Kow,L,Cs,Kd,Ps,Cw,MW,Pe
57544,0.01,0.055,69,1.7,0.000447,406.9,1000
60000,0.01,0.055,69,1.7,0.000447,406.9,1000
57544,0.01,0.055,69,1.7,0.000447,406.9,1000
57544,0.01,0.055,90,1.7,0.000447,406.9,1000
